Address,OldName,NewName
004aa830,Ai_SaveGameState,Ai_SaveGameState
004aaaea,Ai_RestoreGameState,Ai_RestoreGameState
004aad61,Ai_PushBoardState,Ai_PushBoardState
004aafa8,Ai_PopBoardState,Ai_PopBoardState
004ab1ef,Ai_ResetEvaluationState,Ai_ResetEvaluationState
004ab214,Ai_GetActivePlayerScore,Ai_GetActivePlayerScore
004ab28b,Ai_EvaluateCreaturePower,Ai_EvaluateCreaturePower
004ab35e,Ai_GetOpponentPlayerScore,Ai_GetOpponentPlayerScore
004ab3a9,Ai_CalcLifeAdvantage,Ai_CalcLifeAdvantage
004ab3f3,Ai_CalcCardAdvantage,Ai_CalcCardAdvantage
004ab45f,Ai_ScoreBoardPosition,Ai_ScoreBoardPosition
004ab510,Ai_Util_004ab510,Ai_Score_ClearCache
004ab525,Ai_Util_004ab525,Ai_Score_SetValidityFlag
004ab552,Ai_SimulateCombatRound,Ai_SimulateCombatRound
004abff4,Ai_ChooseAttackers,Ai_ChooseAttackers
004ac940,Ai_ChooseBlockers,Ai_ChooseBlockers
004acb7f,Ai_FilterValidBlockers,Ai_FilterValidBlockers
004acc20,Ai_AssignCombatDamage,Ai_AssignCombatDamage
004ace3a,Ai_DuelDialogProc,Ai_DuelDialogProc
004ad6c5,Ai_LoadStartDuel2Backdrop,Ai_LoadStartDuel2Backdrop
004ad77b,Ai_Subsystem_004ad77b,Ai_StartDuel_InitContext
004ad7c8,Ai_StartDuelWndProc,Ai_StartDuelWndProc
004ae632,Ai_LoadStartDuelBackdrop,Ai_LoadStartDuelBackdrop
004ae716,Ai_Subsystem_004ae716,Ai_Duel_ResetBuffers
004ae779,Ai_Subsystem_004ae779,Ai_Duel_SetupSurfaces
004ae8a3,Ai_Subsystem_004ae8a3,Ai_Duel_RenderBackdrop
004ae995,Ai_DuelMainWndProc,Ai_DuelMainWndProc
004af4fd,Ai_LoadEndDuelBackdrop,Ai_LoadEndDuelBackdrop
004af5e3,Ai_Subsystem_004af5e3,Ai_EndDuel_ShowResult
004af640,Ai_Subsystem_004af640,Ai_EndDuel_ProcessRewards
004af765,Ai_Subsystem_004af765,Ai_EndDuel_Cleanup
004afa46,Ai_Util_004afa46,Ai_Score_InitRegister
004afa69,Ai_ScoreCardPlay_004afa69,Ai_ScoreCardPlay_Creature
004afc26,Ai_ScoreCardPlay_004afc26,Ai_ScoreCardPlay_Spell
004b0d24,Ai_Subsystem_004b0d24,Ai_ScoreCardPlay_Enchantment
004b0e11,Ai_Subsystem_004b0e11,Ai_ScoreCardPlay_Artifact
004b0e80,Ai_Subsystem_004b0e80,Ai_ScoreDialog_WndProc
004b128e,Ai_Util_004b128e,Ai_CalcMana_ResetPool
004b137d,Ai_Subsystem_004b137d,Ai_CalcMana_AddSource
004b1406,Ai_Util_004b1406,Ai_CalcMana_ClearAvailable
004b1416,Ai_Subsystem_004b1416,Ai_ManaSelection_DialogProc
004b15df,Ai_Subsystem_004b15df,Ai_TargetSelection_DialogProc
004b1974,Ai_Subsystem_004b1974,Ai_Target_HighlightCandidate
004b19d0,Ai_Subsystem_004b19d0,Ai_AttackSelection_DialogProc
004b1b38,Ai_Subsystem_004b1b38,Ai_Attack_ToggleAttacker
004b1b9b,Ai_Subsystem_004b1b9b,Ai_BlockSelection_DialogProc
004b20e5,Ai_Subsystem_004b20e5,Ai_Block_AssignPair
004b2183,Ai_Subsystem_004b2183,Ai_LoadQuestPromptBackdrop
004b2260,Ai_Subsystem_004b2260,Ai_Quest_FormatPromptText
004b22bd,Ai_Subsystem_004b22bd,Ai_Quest_ProcessChoice
004b257c,Ai_Subsystem_004b257c,Ai_Quest_DialogProc
004b32d1,Ai_CalcManaRequirement_004b32d1,Ai_CalcManaRequirement_Black
004b34fe,Ai_Subsystem_004b34fe,Ai_CalcManaRequirement_Blue
004b35b4,Ai_Subsystem_004b35b4,Ai_CalcManaRequirement_Green
004b3777,Ai_Subsystem_004b3777,Ai_CalcManaRequirement_Red
004b3847,Ai_Subsystem_004b3847,Ai_CalcManaRequirement_White
004b4197,Ai_Subsystem_004b4197,Ai_LoadChangeTextBackdrop
004b4274,Ai_Subsystem_004b4274,Ai_ChangeText_FormatOptions
004b42d1,Ai_Util_004b42d1,Ai_ChangeText_ResetState
004b42dc,Ai_Subsystem_004b42dc,Ai_ChangeText_ApplyWord
004b4a3f,Ai_EvalAttackCandidate_004b4a3f,Ai_EvalAttackCandidate_CombatTrade
004b53a1,Ai_Util_004b53a1,Ai_Eval_ClearCandidateBuffer
004b53c6,Ai_Util_004b53c6,Ai_Eval_GetCandidateScore
004b53ed,Ai_Subsystem_004b53ed,Ai_Eval_SetCandidateScore
004b542d,Ai_Util_004b542d,Ai_Eval_GetBestCandidate
004b543d,Ai_Util_004b543d,Ai_Eval_ResetBestCandidate
004b544d,Ai_Subsystem_004b544d,Ai_Eval_SortCandidates
004b5501,Ai_Subsystem_004b5501,Ai_EvalAbility_Flying
004b553f,Ai_Subsystem_004b553f,Ai_EvalAbility_Trample
004b574d,Ai_Subsystem_004b574d,Ai_EvalAbility_FirstStrike
004b584e,Ai_Subsystem_004b584e,Ai_EvalAbility_Regeneration
004b58d9,Ai_Subsystem_004b58d9,Ai_EvalAbility_Protection
004b5919,Ai_Subsystem_004b5919,Ai_EvalAbility_Landwalk
004b5967,Ai_Subsystem_004b5967,Ai_EvalAbility_Deathtouch
004b59d9,Ai_Subsystem_004b59d9,Ai_EvalAbility_DirectDamage
004b5a46,Ai_Subsystem_004b5a46,Ai_EvalAbility_Removal
004b5ab8,Ai_Subsystem_004b5ab8,Ai_EvalAbility_Counterspell
004b5b6f,Ai_Subsystem_004b5b6f,Ai_EvalAbility_CardDraw
004b5bdd,Ai_Subsystem_004b5bdd,Ai_EvalAbility_Displacement
004b5c4b,Ai_Subsystem_004b5c4b,Ai_EvalAbility_LifeGain
004b5cbb,Ai_Subsystem_004b5cbb,Ai_EvalAbility_Disenchant
004b5d2e,Ai_Subsystem_004b5d2e,Ai_EvalAbility_BoardWipe
004b5de4,Ai_Subsystem_004b5de4,Ai_EvalAbility_LandDestruction
004b5f74,Ai_Subsystem_004b5f74,Ai_EvalAbility_ManaRamp
004b6023,Ai_Subsystem_004b6023,Ai_EvalAbility_Tapping
004b613b,Ai_Subsystem_004b613b,Ai_EvalAbility_Discard
004b61ac,Ai_Subsystem_004b61ac,Ai_EvalAbility_PumpSpell
004b621a,Ai_Subsystem_004b621a,Ai_EvalAbility_Haste
004b6288,Ai_Subsystem_004b6288,Ai_EvalAbility_Vigilance
004b6356,Ai_Subsystem_004b6356,Ai_EvalAbility_Defender
004b63c4,Ai_Subsystem_004b63c4,Ai_EvalAbility_PingDamage
004b6432,Ai_Subsystem_004b6432,Ai_EvalAbility_Recursion
004b649f,Ai_Subsystem_004b649f,Ai_EvalAbility_TokenGeneration
004b650c,Ai_Subsystem_004b650c,Ai_EvalAbility_SacrificeOutlet
004b65ad,Ai_Util_004b65ad,Ai_Eval_ClearAbilityTable
004b65bf,Ai_Subsystem_004b65bf,Ai_EvalAbility_DamagePrevention
004b6623,Ai_Subsystem_004b6623,Ai_EvalAbility_PowerMod
004b6696,Ai_Subsystem_004b6696,Ai_EvalAbility_ToughnessMod
004b673e,Ai_Subsystem_004b673e,Ai_EvalAbility_ColorIdentity
004b67ab,Ai_Subsystem_004b67ab,Ai_Subsystem_004b67ab
004b682f,Ai_Subsystem_004b682f,Ai_EvalAbility_StealCreature
004b68b3,Ai_Subsystem_004b68b3,Ai_Subsystem_004b68b3
004b69ba,Ai_Subsystem_004b69ba,Ai_Subsystem_004b69ba
004b6ba8,Ai_Subsystem_004b6ba8,Ai_Subsystem_004b6ba8
004b6c5b,Ai_Subsystem_004b6c5b,Ai_Subsystem_004b6c5b
004b6cc8,Ai_Subsystem_004b6cc8,Ai_Subsystem_004b6cc8
004b6d35,Ai_Subsystem_004b6d35,Ai_Subsystem_004b6d35
004b6da5,Ai_Subsystem_004b6da5,Ai_Subsystem_004b6da5
004b6e3b,Ai_Subsystem_004b6e3b,Ai_Subsystem_004b6e3b
004b6eab,Ai_Subsystem_004b6eab,Ai_Subsystem_004b6eab
004b6f19,Ai_Util_004b6f19,Ai_Util_004b6f19
004b6f49,Ai_Subsystem_004b6f49,Ai_Subsystem_004b6f49
004b6fa6,Ai_Subsystem_004b6fa6,Ai_Subsystem_004b6fa6
004b700c,Ai_Subsystem_004b700c,Ai_Subsystem_004b700c
004b7072,Ai_Subsystem_004b7072,Ai_Subsystem_004b7072
004b70fe,Ai_Subsystem_004b70fe,Ai_Subsystem_004b70fe
004b718a,Ai_Subsystem_004b718a,Ai_Subsystem_004b718a
004b722d,Ai_Subsystem_004b722d,Ai_Subsystem_004b722d
004b72d0,Ai_Subsystem_004b72d0,Ai_Subsystem_004b72d0
004b7373,Ai_Subsystem_004b7373,Ai_Subsystem_004b7373
004b73ce,Ai_Subsystem_004b73ce,Ai_Duel_CalculateLayout
004b74b1,Ai_Subsystem_004b74b1,Ai_Subsystem_004b74b1
004b74fa,Ai_Subsystem_004b74fa,Ai_Subsystem_004b74fa
004b756f,Ai_Subsystem_004b756f,Ai_Subsystem_004b756f
004b75a4,Ai_Subsystem_004b75a4,Ai_Subsystem_004b75a4
004b75d8,Ai_Subsystem_004b75d8,Ai_Subsystem_004b75d8
004b7629,Ai_Subsystem_004b7629,Ai_Subsystem_004b7629
004b765d,Ai_Subsystem_004b765d,Ai_Subsystem_004b765d
004b76a6,Ai_Subsystem_004b76a6,Ai_Subsystem_004b76a6
004b784d,Ai_Subsystem_004b784d,Ai_Subsystem_004b784d
004b7897,Ai_CalcManaRequirement_004b7897,Ai_CalcManaRequirement_Colorless
004b7d38,Ai_Subsystem_004b7d38,Ai_Subsystem_004b7d38
004b7de8,Ai_Subsystem_004b7de8,Ai_WndProc_004b7de8
004b82ea,Ai_Util_004b82ea,Ai_Util_004b82ea
004b830e,Ai_Util_004b830e,Ai_Util_004b830e
004b832d,Ai_Subsystem_004b832d,Ai_Subsystem_004b832d
004b8421,Ai_Subsystem_004b8421,Ai_WndProc_004b8421
004b8cc3,Ai_Subsystem_004b8cc3,Ai_Subsystem_004b8cc3
004b8da0,Ai_Subsystem_004b8da0,Ai_Subsystem_004b8da0
004b8dfd,Ai_Subsystem_004b8dfd,Ai_Subsystem_004b8dfd
004b8e4d,Ai_Subsystem_004b8e4d,Ai_FormatCardScoreString
004b90de,Ai_Subsystem_004b90de,Ai_Subsystem_004b90de
004b9120,Ai_CalcManaRequirement_004b9120,Ai_CalcManaRequirement_MultiColor
004b920e,Ai_Subsystem_004b920e,Ai_Subsystem_004b920e
004b9284,Ai_CalcManaRequirement_004b9284,Ai_CalcManaRequirement_General
004ba6b6,Ai_Subsystem_004ba6b6,Ai_WndProc_004ba6b6
004ba890,Ai_CalcManaRequirement_004ba890,Ai_CalcManaRequirement_PayCost
004bb9f3,Ai_Subsystem_004bb9f3,Ai_Subsystem_004bb9f3
004bbb99,Ai_Subsystem_004bbb99,Ai_Subsystem_004bbb99
004bbd93,Ai_Subsystem_004bbd93,Ai_Subsystem_004bbd93
004bbf8e,Ai_Subsystem_004bbf8e,Ai_Subsystem_004bbf8e
004bc029,Ai_Subsystem_004bc029,Ai_Subsystem_004bc029
004bc423,Ai_CalcManaRequirement_004bc423,Ai_CalcMana_004bc423
004bc72e,Ai_Subsystem_004bc72e,Ai_Subsystem_004bc72e
004bd035,Ai_Subsystem_004bd035,Ai_Subsystem_004bd035
004bd23f,Ai_Subsystem_004bd23f,Ai_Subsystem_004bd23f
004bd3e9,Ai_Subsystem_004bd3e9,Ai_Subsystem_004bd3e9
004bd459,Ai_Subsystem_004bd459,Ai_Subsystem_004bd459
004bd4f0,Ai_Subsystem_004bd4f0,Ai_Subsystem_004bd4f0
004bd563,Ai_Subsystem_004bd563,Ai_Subsystem_004bd563
004bd5af,Ai_Util_004bd5af,Ai_Util_CheckTimer
004bd5e3,Ai_Subsystem_004bd5e3,Ai_Subsystem_004bd5e3
004bd682,Ai_Subsystem_004bd682,Ai_Subsystem_004bd682
004bd6f9,Ai_Subsystem_004bd6f9,Ai_Subsystem_004bd6f9
004be192,Ai_Subsystem_004be192,Ai_Subsystem_004be192
004be240,Ai_Util_004be240,Ai_Util_004be240
004be25f,Ai_Subsystem_004be25f,Ai_Subsystem_004be25f
004be357,Ai_Subsystem_004be357,Ai_Subsystem_004be357
004be3c4,Ai_Subsystem_004be3c4,Ai_Subsystem_004be3c4
004be43f,Ai_Subsystem_004be43f,Ai_Subsystem_004be43f
004be49b,Ai_Subsystem_004be49b,Ai_Subsystem_004be49b
004be525,Ai_Subsystem_004be525,Ai_Subsystem_004be525
004be5ae,Ai_Subsystem_004be5ae,Ai_Subsystem_004be5ae
004be643,Ai_Subsystem_004be643,Ai_Subsystem_004be643
004bf23a,Ai_Subsystem_004bf23a,Ai_Subsystem_004bf23a
004bf4b3,Ai_CalcManaRequirement_004bf4b3,Ai_CalcMana_004bf4b3
004c003d,Ai_CalcManaRequirement_004c003d,Ai_CalcMana_004c003d
004c05ba,Ai_Subsystem_004c05ba,Ai_Subsystem_004c05ba
004c06df,Ai_Subsystem_004c06df,Ai_Subsystem_004c06df
004c0efe,Ai_CastleEncounter_004c0efe,Ai_Subsystem_004c0efe
004c207a,Ai_Subsystem_004c207a,Ai_Simulate_EvaluateMoveTree
004c2270,Ai_Subsystem_004c2270,Ai_Subsystem_004c2270
004c22a2,Ai_Subsystem_004c22a2,Ai_Subsystem_004c22a2
004c2340,Ai_Subsystem_004c2340,Ai_Subsystem_004c2340
004c24b3,Ai_CastleEncounter_004c24b3,Ai_Subsystem_004c24b3
004c3aa1,Ai_Subsystem_004c3aa1,Ai_Subsystem_004c3aa1
004c3ad4,Ai_Subsystem_004c3ad4,Ai_Subsystem_004c3ad4
004c3b19,Ai_TownEncounter_004c3b19,Ai_Subsystem_004c3b19
004c3ba3,Ai_Util_004c3ba3,Ai_Util_004c3ba3
004c3bc4,Ai_Util_004c3bc4,Ai_Util_004c3bc4
004c3be5,Ai_Subsystem_004c3be5,Ai_Subsystem_004c3be5
004c3c5c,Ai_Subsystem_004c3c5c,Ai_Subsystem_004c3c5c
004c4210,Ai_Subsystem_004c4210,Ai_Subsystem_004c4210
004c4c84,Ai_Subsystem_004c4c84,Ai_Subsystem_004c4c84
004c5fc9,Ai_Subsystem_004c5fc9,Ai_Subsystem_004c5fc9
004c7aa8,Ai_Subsystem_004c7aa8,Ai_Subsystem_004c7aa8
004c7be5,Ai_Subsystem_004c7be5,Ai_Subsystem_004c7be5
004c7d69,Ai_Subsystem_004c7d69,Ai_Subsystem_004c7d69
004c864d,Ai_EvalAttackCandidate_004c864d,Ai_EvalAttackCandidate_General
004c9f3a,Ai_Subsystem_004c9f3a,Ai_Subsystem_004c9f3a
004c9f88,Ai_Subsystem_004c9f88,Ai_Overworld_EvaluateEncounterThreat
004ca07b,Ai_Subsystem_004ca07b,Ai_Subsystem_004ca07b
004ca0d9,Ai_Subsystem_004ca0d9,Ai_Subsystem_004ca0d9
004ca714,Ai_Subsystem_004ca714,Ai_Subsystem_004ca714
004cab92,Ai_Subsystem_004cab92,Ai_Subsystem_004cab92
004cad65,Ai_Subsystem_004cad65,Ai_Subsystem_004cad65
004cadc5,Ai_Subsystem_004cadc5,Ai_Subsystem_004cadc5
004cae25,Ai_Util_004cae25,Ai_Util_004cae25
004cae47,Ai_Subsystem_004cae47,Ai_Subsystem_004cae47
004cb04d,Ai_Subsystem_004cb04d,Ai_Subsystem_004cb04d
004cb1d6,Ai_Subsystem_004cb1d6,Ai_Subsystem_004cb1d6
004cb2d0,Ai_Util_004cb2d0,Ai_Util_004cb2d0
004cbad0,Ai_Subsystem_004cbad0,Ai_Subsystem_004cbad0
004cbb04,Ai_Util_004cbb04,Ai_Util_004cbb04
004cbb33,Ai_Subsystem_004cbb33,Ai_Subsystem_004cbb33
004cbba7,Ai_Util_004cbba7,Ai_Util_004cbba7
004cbbd7,Ai_Util_004cbbd7,Ai_Util_004cbbd7
004cbc07,Ai_Util_004cbc07,Ai_Util_004cbc07
004cbc36,Ai_Util_004cbc36,Ai_Util_004cbc36
004cbc65,Ai_Subsystem_004cbc65,Ai_Subsystem_004cbc65
004cbcd9,Ai_Subsystem_004cbcd9,Ai_Overworld_ChooseRoamDirection
004cbd67,Ai_Subsystem_004cbd67,Ai_Subsystem_004cbd67
004cbda9,Ai_Util_004cbda9,Ai_Util_004cbda9
004cbdda,Ai_Subsystem_004cbdda,Ai_Subsystem_004cbdda
004cbe10,Ai_Subsystem_004cbe10,Ai_Subsystem_004cbe10
004cbe57,Ai_Subsystem_004cbe57,Ai_Subsystem_004cbe57
004cbf72,Ai_Subsystem_004cbf72,Ai_Subsystem_004cbf72
004cbfd0,Ai_Subsystem_004cbfd0,Ai_Subsystem_004cbfd0
004cc053,Ai_Subsystem_004cc053,Ai_Subsystem_004cc053
004cc0c7,Ai_Util_004cc0c7,Ai_Util_004cc0c7
004cc0f7,Ai_Util_004cc0f7,Ai_Util_004cc0f7
004cc127,Ai_Subsystem_004cc127,Ai_Subsystem_004cc127
004cc188,Ai_Util_004cc188,Ai_Util_004cc188
004cc1b8,Ai_Util_004cc1b8,Ai_Util_004cc1b8
004cc1e8,Ai_Subsystem_004cc1e8,Ai_Subsystem_004cc1e8
004cc25b,Ai_Subsystem_004cc25b,Ai_Subsystem_004cc25b
004cc2cc,Ai_Subsystem_004cc2cc,Ai_Subsystem_004cc2cc
004cc33d,Ai_Subsystem_004cc33d,Ai_Subsystem_004cc33d
004cc3c4,Ai_Subsystem_004cc3c4,Ai_Subsystem_004cc3c4
004cc3f8,Ai_Subsystem_004cc3f8,Ai_Subsystem_004cc3f8
004cc42d,Ai_Util_004cc42d,Ai_Overworld_LogAction
004cc455,Ai_Subsystem_004cc455,Ai_Subsystem_004cc455
004cc49a,Ai_Subsystem_004cc49a,Ai_Subsystem_004cc49a
004cc4e1,Ai_Util_004cc4e1,Ai_Util_004cc4e1
004cc50a,Ai_Subsystem_004cc50a,Ai_Subsystem_004cc50a
004cc56d,Ai_Subsystem_004cc56d,Ai_Deck_SelectStartingHand
004cc7c5,Ai_Subsystem_004cc7c5,Ai_Subsystem_004cc7c5
004cc814,Ai_Subsystem_004cc814,Ai_Subsystem_004cc814
004cc87f,Ai_Subsystem_004cc87f,Ai_Subsystem_004cc87f
004cc8de,Ai_Subsystem_004cc8de,Ai_Subsystem_004cc8de
004cc93d,Ai_Subsystem_004cc93d,Ai_Subsystem_004cc93d
004cc97e,Ai_Subsystem_004cc97e,Ai_Subsystem_004cc97e
004cc9c5,Ai_Subsystem_004cc9c5,Ai_Turn_ExecuteMainPhase
004ccca3,Ai_Subsystem_004ccca3,Ai_Subsystem_004ccca3
004cced8,Ai_Subsystem_004cced8,Ai_Subsystem_004cced8
004cd14f,Ai_Subsystem_004cd14f,Ai_Subsystem_004cd14f
004cd198,Ai_Subsystem_004cd198,Ai_Subsystem_004cd198
004cd1d1,Ai_Subsystem_004cd1d1,Ai_Subsystem_004cd1d1
004cd20e,Ai_Subsystem_004cd20e,Ai_Subsystem_004cd20e
004cd3eb,Ai_Subsystem_004cd3eb,Ai_Subsystem_004cd3eb
