Address,NewName
00517444,g_DisplaySurfaceScreen
0051746c,g_DisplaySurfaceBackBuffer
00517494,g_DisplaySurfaceWork
00519c24,g_ActiveSoundTrackId
00519ff4,g_MidiSequenceState
0051aea8,g_MasterCardTable
0051aeb8,g_MasterCardTypeTable
0051aebc,g_MasterCardColorTable
0051aebd,g_MasterCardRarityTable
0051aebe,g_MasterCardColorTable
0051aebf,g_MasterCardSubTypeTable2
0051aec0,g_MasterCardManaCostTable
0051aec8,g_CardScriptCallbackTable
0051aed0,g_MasterCardSubtypeTable
0051aed1,g_MasterCardFlagsTable
00520cb8,g_KimpicSurfacePtr
00520cc8,g_KimpicExtensionStr
00520cd0,g_KimpicReadModeStr
00520cd4,g_KimpicErrorStr
00520cec,g_KimpicSourceFileId
00520d44,g_KimpicDecoderInitialized
00522450,g_AiManaColorCost_White
00522454,g_AiManaColorCost_Blue
00522458,g_AiManaColorCost_Red
0052245c,g_AiManaColorCost_Green
00527b44,g_WaveletBitsRemaining
0052afc0,g_ActiveDitherPaletteId
0052d5cc,g_AiHeuristicWeight_LifeAdvantage
0052d770,g_AiHeuristicWeight_HandAdvantage
0052d77c,g_AiHeuristicWeight_CardAdvantage
0052eff0,g_OverworldPlayerPixelX
0052eff4,g_OverworldPlayerPixelY
0052effc,g_OverworldPlayerDirection
00530d9c,g_CurrentMidiTrackId
00536860,g_PicSourceWidth
00536864,g_PicSourceHeight
00536d94,g_DialogPromptTemplate
00538750,g_SoundSampleBufferTable
00538ad4,g_PicAlignedRowPitch
00538adc,g_PicScanlineCounter
00539e88,g_WaveletBitmaskTable
00539e8c,g_WaveletBitAccumulator
0053aa90,g_WaveletDecompressCursor
0054aefc,g_OctreeColorTreeRoot
0054b324,g_PaletteDitherInitialized
0054be3c,g_ActivePaletteColorData
0054be40,g_AiSavedActivePlayer
0054be44,g_AiBestScoreTable
0054c620,g_AiSavedTemporaryBuffer
0054e5e8,g_AiSavedEvaluatedMoveCount
0054e790,g_AiSavedLookaheadDepth
0054e7d8,g_AiSavedCombatScore_Total
0054e818,g_AiSavedEvaluationPassCounter
0054f7b8,g_AiSavedSelectedAbilityIndex
00550038,g_AiSavedDialogPromptBuffer
00550178,g_AiSavedPlayerLifeDifferential
00550180,g_AiSavedSelectedTargetCard
005501a0,g_AiSavedAbilityScoreBuffer
00550308,g_AiSavedCombatEvaluationState
00550450,g_AiSavedMasterCardCountBuffer
00550480,g_AiSavedScWillyScore
005518f8,g_AiSavedCardDisplayOrder_Slot
005520c8,g_AiCardScore_BasicLand
005528cc,g_AiSavedCardDisplayOrderCount
00552938,g_AiSavedPlayerManaPool
005529b8,g_AiSavedCardDisplayOrder_Player
0055319c,g_AiSavedActiveBattlefieldFlag
005532a0,g_AiSavedManaReserveBuffer
00553438,g_AiSavedPlayerCreatureCount
00554048,g_AiSavedActiveTurnState
00554050,g_AiSavedLookaheadTreeCurrentNode
00554ff0,g_AiSavedDefendingPlayer
00554ff8,g_AiSavedDuelArenaStatusFlags
005550f8,g_AiSavedLifeTotals
00555100,g_AiSavedDuelTurnState
005558f8,g_AiSavedPlayerActiveCardCount
00555900,g_AiSavedCombatScore_Attacker
00555980,g_AiSavedPlayerHandCardCount
00556928,g_AiSavedGameStateCounter
00556938,g_AiHeuristicWeight_Aggression
0055699c,g_AiHeuristicWeight_ManaEfficiency
005569d8,g_AiHeuristicWeight_Evasion
00556a90,g_AiHeuristicWeight_DirectDamage
00556ae8,g_AiHeuristicWeight_CreaturePower
00556b18,g_AiHeuristicWeight_BoardThreat
00556b20,g_AiHeuristicWeight_Removal
00556c60,g_AiHeuristicWeight_Regeneration
0055747c,g_AiHeuristicWeight_Tempo
005574b0,g_AiPlayerScoreTable
005595f8,g_AiBlockerList
00559638,g_AiBlockerAssignmentList
005596b8,g_AiAttackerList
00559808,g_AiCandidateScoreList
00559848,g_AiCandidateCardList
00559890,g_AiCandidatePriorityList
00559a20,g_AiCreatureToughnessEval
00559a94,g_AiCreaturePowerEval
00559b1c,g_AiCombatScoreBuffer
00559b80,g_AiCombatRoundResult
00559f88,g_AiCombatSimulationState
0055a008,g_AiDamageAssignmentBuffer
0055a010,g_AiLethalDamageFlag
0055a050,g_AiCombatDamageTable
005659f8,g_OverworldPopupMenu
006261d8,g_PcxDecoderWidth
006261dc,g_PcxDecoderHeight
00626850,g_OverworldWorldState
00627864,g_AiTemporaryCardState
00627a14,g_PendingSpellResolutionFlag
00627a20,g_AiTempTargetBuffer
00627a7c,g_AiCombatLookaheadTarget
00627a90,g_AiSavedCardsInPlay
006330f0,g_AiSavedMasterCardTable
00633430,g_AiGameStateBackupBuffer
0063edc0,g_CurrentTurnTargetPlayer
0063edd0,g_AiCombatScore_Total
0063ee18,g_AiCombatScore_Blocker
0063ee20,g_TemporaryToughnessBuffer
0063ee30,g_AiCombatScore_Attacker
0063ee4c,g_PlayerManaBurnAccumulator
0063ee90,g_AiLookaheadDepth
006410f0,g_AiBestScore
006410f4,g_AiBestCardIndex
006410f8,g_AiBestTargetPlayer
00641870,g_AiDecisionTreeDepth
006498d0,g_AiLookaheadScore_Player0
006498d4,g_AiLookaheadScore_Player1
006498d8,g_AiLookaheadDelta
006498dc,g_AiLookaheadBestMove
006498f0,g_AiSavedScWillyScoreAlt
00649c20,g_PaletteColorMatchBuffer
006776a0,g_AiBackupBoardRegister
00678830,g_OverworldFoodAmount
0067b9a4,g_CardSlot_ToughnessBonus
0067bda0,g_CombatAttackerSlotIndex
0067bda4,g_CombatBlockerSlotIndex
0067bda8,g_MouseCursorScreenY
0067bdb0,g_CardSlot_PowerBonus
0067bdf0,g_CardSlot_CreatureType
0067bdf4,g_DungeonMapTileX
0067bdf8,g_DungeonMapTileY
0067be00,g_CardSlot_StatusFlags
0067f014,g_TownBuildingFlags
0067f2b0,g_SpellStackResolutionCursor
0067f2b4,g_SpellStackItemCount
0067f2c0,g_AiHandEvaluationBuffer
0067f2d0,g_TownBuildingCoordinates
0067f2d4,g_AiCardEvaluationScore
0067f2d8,g_AiCardSynergyScore
0067f374,g_OverworldMovementFlags
0067f380,g_CampaignDifficultyLevel
0067f3bc,g_CampaignCompassHeading
0067f440,g_MasterCardCount
0067f780,g_SoundChannelActiveCount
0067f7d0,g_SoundChannelDescriptors
00680770,g_MouseCursorCapturedFlag
006807a0,g_GameInstallDirectory
006808b8,g_PlayerActiveCardCount
006808d0,g_CardArtDirectory
0068a630,g_ScreenDC
0068a64c,g_GlobalEnchantmentCardId
0068a654,g_HdcBackBuffer
0068a660,g_ActivePalette
0068a704,g_CurrentScanningCardIndex
0068a71c,g_DefendingPlayer
0068a73c,g_AiEvaluationTimeout
00695e80,g_PlayerLifeTotals
00695e88,g_AiPlayerLifeDifferential
00695ea0,g_AiPlayerHandDifferential
00695ec4,g_ActiveCardTargetSlot
00695ec8,g_AiCombatDamageAssigned
00695f0c,g_TurnPhaseStateFlags
00696740,g_PlayerAvailableManaMask
00696910,g_DuelSoundsDirectory
0069e720,g_AiLookaheadTreeRoot
0069e730,g_PlayerDeckCardList
0069f750,g_OverworldGoldAmount
006a2828,g_PlayerPoisonCounters
006a2854,g_PlayerSelectionPriority
006a285c,g_IsAiThinking
006a28b0,g_PlayerGoldCoins
006a28c0,g_SaveGameDirectory
006a3f78,g_AiEvaluatedMoveCount
006a4920,g_CombatPhaseFlags
006a4924,g_TurnPriorityState
006a492c,g_ActivePlayerPriority
006a49e0,g_CurrentTurnPhase
006a49f4,g_CardsDatLoadedHandle
006a49f8,g_TurnCounter
006a49fc,g_ActivePlayer
006a4a00,g_PlayerCreatureCount
006a4a04,g_PlayerDeckCardCount
006a4a08,g_PlayerHandCardCount
006a4a50,g_FacesDirectory
006a4b5c,g_CurrentCardColorTarget
006a5750,g_CardDisplayOrder_Slot
006a5f20,g_ActiveBattlefieldFlag
006a5f30,g_ActiveCardsInPlay
006a5f34,g_CardSlot_CardId
006a5f38,g_CardSlot_Controller
006a5f3c,g_CardSlot_Flags
006a5f3e,g_CardSlot_Subtypes
006a5f40,g_CardSlot_Power
006a5f42,g_CardSlot_Toughness
006a5f43,g_CardSlot_DamageReceived
006a5f44,g_CardSlot_Counters
006a5f48,g_CardSlot_PowerCounters
006a5f4a,g_CardSlot_ToughnessCounters
006a5f4c,g_CardSlot_PlusOneCounters
006a5f4d,g_CardSlot_MinusOneCounters
006a5f4e,g_CardSlot_ColorMask
006a5f50,g_CardSlot_CardTypeIndex
006a5f54,g_CardSlot_ConvertedManaCost
006a5f58,g_CardSlot_OriginalCardId
006a5f5c,g_CardSlot_TypeFlags
006a5f60,g_CardSlot_TargetSlot
006a5f64,g_CardSlot_DisplayIndex
006a5f68,g_CardSlot_Abilities1
006a5f6c,g_CardSlot_Abilities2
006a5f88,g_CardSlot_CombatTarget
006a5f8c,g_CardSlot_AttachedAura
006a6020,g_CardSlot_TapState
006a6024,g_CardSlot_SicknessState
006a6028,g_CardSlot_TurnPlayed
006a6038,g_CardSlot_ProtectionFlags
006a6044,g_CardSlot_SpecialState
006b2534,g_OverworldPlayerCoordX
006b2d2c,g_SelectedTargetSlot
006b2d3c,g_SelectedTargetPlayer
006b2d40,g_AiSelectedTargetCard
006b2d58,g_AiSelectedTargetPlayer
006b2d60,g_AiSelectedCardTargetSlot
006b2d68,g_OverworldPlayerCoordY
006b2e28,g_AiCandidateActionCount
006b2e2c,g_AiSelectedActionCode
006b2e30,g_PlayerAmuletGems
006b2e34,g_MainAppHwnd
006b2e90,g_AiCurrentChoiceIndex
006b3008,g_ActivePlayerSpellPriority
006b3064,g_AiDecisionMatrix_Row
006fe3f8,g_CardScanDepth
006fe400,g_AiDuelTurnState
006fe444,g_DuelArenaStatusFlags
006fe488,g_DuelArenaHwnd
006fecb0,g_AppHInstance
006fedc0,g_AiTurnDecisionFlag
006fefa8,g_AiCurrentSearchPath
006ff19c,g_AiBlockingCreatureCount
006ff1ac,g_AiAttackingCreatureCount
006ff1b0,g_PlayDeckDirectory
006ff2d4,g_PendingAttackersTargetSlot
006ff2e0,g_PendingSpellTargetSlot
006ff2f0,g_ActiveCombatRoundCounter
006ff4ac,g_AiManaPoolReserve
006ff4c0,g_PlayerManaPool
006ff558,g_ScWillyScore
006ff55c,g_AiDecisionScore
006ff570,g_DuelDatFilePath
006ff680,g_SpellStackDepth
006ff710,g_PlayerGraveyardList
007006e0,g_CardDisplayOrder_Player
00700eb0,g_DialogPromptHwnd
0070100c,g_OverworldMapGrid
00703930,g_PicFileStream
007039c4,g_MouseCursorButtonState
007039c8,g_MouseCursorY
007039cc,g_MouseCursorX
0070a850,g_ScreenSurfaces
