Address,FunctionName,ReturnType,ParameterCount,BodySize,Status,Filename
10001000,"thunk_FUN_10005a46","undefined",1,5,SUCCESS,"thunk_FUN_10005a46_10001000.c"
10001005,"thunk_FUN_1000460c","undefined",1,5,SUCCESS,"thunk_FUN_1000460c_10001005.c"
1000100a,"thunk_FUN_1000667b","undefined4",2,5,SUCCESS,"thunk_FUN_1000667b_1000100a.c"
1000100f,"thunk_FUN_1000458d","undefined",1,5,SUCCESS,"thunk_FUN_1000458d_1000100f.c"
10001014,"SetSndMarker","int",2,5,SUCCESS,"SetSndMarker_10001014.c"
10001019,"GetSndState","undefined4",2,5,SUCCESS,"GetSndState_10001019.c"
1000101e,"PlaySnd","undefined4",2,5,SUCCESS,"PlaySnd_1000101e.c"
10001023,"thunk_FUN_1000394f","int",1,5,SUCCESS,"thunk_FUN_1000394f_10001023.c"
10001028,"UnloadAllSnds","undefined4",0,5,SUCCESS,"UnloadAllSnds_10001028.c"
1000102d,"thunk_FUN_1000219c","int",2,5,SUCCESS,"thunk_FUN_1000219c_1000102d.c"
10001032,"GetAVISndBuff","undefined4",2,5,SUCCESS,"GetAVISndBuff_10001032.c"
10001037,"ReleaseAVISndBuff","undefined4",1,5,SUCCESS,"ReleaseAVISndBuff_10001037.c"
1000103c,"StopAllSnds","undefined",0,5,SUCCESS,"StopAllSnds_1000103c.c"
10001041,"ResetSnd","undefined4",0,5,SUCCESS,"ResetSnd_10001041.c"
10001046,"GetLRUSnd","undefined4",3,5,SUCCESS,"GetLRUSnd_10001046.c"
1000104b,"thunk_FUN_10002900","undefined4",1,5,SUCCESS,"thunk_FUN_10002900_1000104b.c"
10001050,"InitSnd","undefined4",3,5,SUCCESS,"InitSnd_10001050.c"
10001055,"SetVol","undefined4",2,5,SUCCESS,"SetVol_10001055.c"
1000105a,"thunk_FUN_10004534","undefined",1,5,SUCCESS,"thunk_FUN_10004534_1000105a.c"
1000105f,"GetSndTime","undefined4",2,5,SUCCESS,"GetSndTime_1000105f.c"
10001064,"thunk_FUN_1000630c","undefined4",1,5,SUCCESS,"thunk_FUN_1000630c_10001064.c"
10001069,"thunk_FUN_10006830","undefined",2,5,SUCCESS,"thunk_FUN_10006830_10001069.c"
1000106e,"thunk_FUN_100046fb","undefined4",0,5,SUCCESS,"thunk_FUN_100046fb_1000106e.c"
10001073,"thunk_FUN_1000681e","undefined4",0,5,SUCCESS,"thunk_FUN_1000681e_10001073.c"
10001078,"PlayMidiFile","undefined4",0,5,SUCCESS,"PlayMidiFile_10001078.c"
1000107d,"PlaySndMarker","int",2,5,SUCCESS,"PlaySndMarker_1000107d.c"
10001082,"thunk_FUN_10005abe","undefined4",2,5,SUCCESS,"thunk_FUN_10005abe_10001082.c"
10001087,"GetSndHWND","undefined4",0,5,SUCCESS,"GetSndHWND_10001087.c"
1000108c,"thunk_FUN_1000405a","undefined4",1,5,SUCCESS,"thunk_FUN_1000405a_1000108c.c"
10001091,"thunk_FUN_10006622","undefined4",1,5,SUCCESS,"thunk_FUN_10006622_10001091.c"
1000109b,"thunk_FUN_10005d4a","undefined4",2,5,SUCCESS,"thunk_FUN_10005d4a_1000109b.c"
100010a0,"GetPitch","undefined4",0,5,SUCCESS,"GetPitch_100010a0.c"
100010a5,"thunk_FUN_10004788","undefined",0,5,SUCCESS,"thunk_FUN_10004788_100010a5.c"
100010aa,"PlaySndFile","int",3,5,SUCCESS,"PlaySndFile_100010aa.c"
100010af,"GetVol","undefined4",0,5,SUCCESS,"GetVol_100010af.c"
100010b4,"thunk_FUN_10006e80","int",1,5,SUCCESS,"thunk_FUN_10006e80_100010b4.c"
100010b9,"thunk_FUN_10003a41","undefined",1,5,SUCCESS,"thunk_FUN_10003a41_100010b9.c"
100010be,"thunk_FUN_10006540","void *",4,5,SUCCESS,"thunk_FUN_10006540_100010be.c"
100010c3,"thunk_FUN_1000207f","int",2,5,SUCCESS,"thunk_FUN_1000207f_100010c3.c"
100010c8,"UnloadSnd","undefined4",1,5,SUCCESS,"UnloadSnd_100010c8.c"
100010cd,"IsSndLoaded","undefined4",2,5,SUCCESS,"IsSndLoaded_100010cd.c"
100010d2,"StopSnd","undefined4",1,5,SUCCESS,"StopSnd_100010d2.c"
100010d7,"thunk_FUN_1000192c","int",2,5,SUCCESS,"thunk_FUN_1000192c_100010d7.c"
100010dc,"SetPan","undefined4",2,5,SUCCESS,"SetPan_100010dc.c"
100010e1,"thunk_FUN_100055b0","undefined4",2,5,SUCCESS,"thunk_FUN_100055b0_100010e1.c"
100010e6,"SetPitch","undefined4",2,5,SUCCESS,"SetPitch_100010e6.c"
100010eb,"thunk_FUN_10005f0c","undefined4",2,5,SUCCESS,"thunk_FUN_10005f0c_100010eb.c"
100010f0,"UpdateSnd","undefined4",0,5,SUCCESS,"UpdateSnd_100010f0.c"
100010f5,"thunk_FUN_1000560f","undefined4",2,5,SUCCESS,"thunk_FUN_1000560f_100010f5.c"
100010fa,"thunk_FUN_100043c4","undefined4",2,5,SUCCESS,"thunk_FUN_100043c4_100010fa.c"
100010ff,"thunk_FUN_10005dff","undefined4",4,5,SUCCESS,"thunk_FUN_10005dff_100010ff.c"
10001104,"ReleaseSnd","undefined",0,5,SUCCESS,"ReleaseSnd_10001104.c"
10001109,"LoadSnd","int",3,5,SUCCESS,"LoadSnd_10001109.c"
10001113,"thunk_FUN_10004665","undefined",1,5,SUCCESS,"thunk_FUN_10004665_10001113.c"
10001118,"GetPan","undefined4",0,5,SUCCESS,"GetPan_10001118.c"
10001240,"FUN_10001240","undefined4",3,374,SUCCESS,"FUN_10001240_10001240.c"
100013b6,"FUN_100013b6","undefined",0,114,SUCCESS,"FUN_100013b6_100013b6.c"
10001428,"FUN_10001428","undefined4",0,21,SUCCESS,"FUN_10001428_10001428.c"
1000143d,"FUN_1000143d","int",3,679,SUCCESS,"FUN_1000143d_1000143d.c"
100016e4,"FUN_100016e4","undefined4",1,356,SUCCESS,"FUN_100016e4_100016e4.c"
10001848,"FUN_10001848","undefined4",0,75,SUCCESS,"FUN_10001848_10001848.c"
10001893,"FUN_10001893","undefined4",2,153,SUCCESS,"FUN_10001893_10001893.c"
1000192c,"FUN_1000192c","int",2,800,SUCCESS,"FUN_1000192c_1000192c.c"
10001c4c,"FUN_10001c4c","int",3,1075,SUCCESS,"FUN_10001c4c_10001c4c.c"
1000207f,"FUN_1000207f","int",2,285,SUCCESS,"FUN_1000207f_1000207f.c"
1000219c,"FUN_1000219c","int",2,285,SUCCESS,"FUN_1000219c_1000219c.c"
100022b9,"FUN_100022b9","undefined",2,208,SUCCESS,"FUN_100022b9_100022b9.c"
10002389,"FUN_10002389","int",2,237,SUCCESS,"FUN_10002389_10002389.c"
10002476,"FUN_10002476","int",2,549,SUCCESS,"FUN_10002476_10002476.c"
1000269b,"FUN_1000269b","undefined4",1,522,SUCCESS,"FUN_1000269b_1000269b.c"
100028a5,"FUN_100028a5","undefined",0,91,SUCCESS,"FUN_100028a5_100028a5.c"
10002900,"FUN_10002900","undefined4",1,572,SUCCESS,"FUN_10002900_10002900.c"
10002b3c,"FUN_10002b3c","undefined4",0,18,SUCCESS,"FUN_10002b3c_10002b3c.c"
10002b4e,"FUN_10002b4e","undefined4",2,262,SUCCESS,"FUN_10002b4e_10002b4e.c"
10002c54,"FUN_10002c54","undefined4",0,18,SUCCESS,"FUN_10002c54_10002c54.c"
10002c66,"FUN_10002c66","undefined4",2,503,SUCCESS,"FUN_10002c66_10002c66.c"
10002e62,"FUN_10002e62","undefined4",0,18,SUCCESS,"FUN_10002e62_10002e62.c"
10002e74,"FUN_10002e74","undefined4",2,273,SUCCESS,"FUN_10002e74_10002e74.c"
10002f85,"FUN_10002f85","undefined4",0,18,SUCCESS,"FUN_10002f85_10002f85.c"
10002f97,"FUN_10002f97","undefined4",0,335,SUCCESS,"FUN_10002f97_10002f97.c"
100030e6,"FUN_100030e6","undefined4",2,664,SUCCESS,"FUN_100030e6_100030e6.c"
1000337e,"FUN_1000337e","undefined4",2,192,SUCCESS,"FUN_1000337e_1000337e.c"
1000343e,"FUN_1000343e","undefined4",0,18,SUCCESS,"FUN_1000343e_1000343e.c"
10003450,"FUN_10003450","undefined4",2,142,SUCCESS,"FUN_10003450_10003450.c"
100034de,"FUN_100034de","undefined4",3,245,SUCCESS,"FUN_100034de_100034de.c"
100035d3,"FUN_100035d3","undefined4",2,491,SUCCESS,"FUN_100035d3_100035d3.c"
100037be,"FUN_100037be","undefined4",1,401,SUCCESS,"FUN_100037be_100037be.c"
1000394f,"FUN_1000394f","int",1,242,SUCCESS,"FUN_1000394f_1000394f.c"
10003a41,"FUN_10003a41","undefined",1,1561,SUCCESS,"FUN_10003a41_10003a41.c"
1000405a,"FUN_1000405a","undefined4",1,874,SUCCESS,"FUN_1000405a_1000405a.c"
100043c4,"FUN_100043c4","undefined4",2,348,SUCCESS,"FUN_100043c4_100043c4.c"
10004534,"FUN_10004534","undefined",1,89,SUCCESS,"FUN_10004534_10004534.c"
1000458d,"FUN_1000458d","undefined",1,127,SUCCESS,"FUN_1000458d_1000458d.c"
1000460c,"FUN_1000460c","undefined",1,89,SUCCESS,"FUN_1000460c_1000460c.c"
10004665,"FUN_10004665","undefined",1,127,SUCCESS,"FUN_10004665_10004665.c"
100046e4,"FUN_100046e4","undefined",0,23,SUCCESS,"FUN_100046e4_100046e4.c"
100046fb,"FUN_100046fb","undefined4",0,141,SUCCESS,"FUN_100046fb_100046fb.c"
10004788,"FUN_10004788","undefined",0,95,SUCCESS,"FUN_10004788_10004788.c"
100055b0,"FUN_100055b0","undefined4",2,95,SUCCESS,"FUN_100055b0_100055b0.c"
1000560f,"FUN_1000560f","undefined4",2,1079,SUCCESS,"FUN_1000560f_1000560f.c"
10005a46,"FUN_10005a46","undefined",1,120,SUCCESS,"FUN_10005a46_10005a46.c"
10005abe,"FUN_10005abe","undefined4",2,652,SUCCESS,"FUN_10005abe_10005abe.c"
10005d4a,"FUN_10005d4a","undefined4",2,181,SUCCESS,"FUN_10005d4a_10005d4a.c"
10005dff,"FUN_10005dff","undefined4",4,269,SUCCESS,"FUN_10005dff_10005dff.c"
10005f0c,"FUN_10005f0c","undefined4",2,1024,SUCCESS,"FUN_10005f0c_10005f0c.c"
1000630c,"FUN_1000630c","undefined4",1,564,SUCCESS,"FUN_1000630c_1000630c.c"
10006540,"FUN_10006540","void *",4,221,SUCCESS,"FUN_10006540_10006540.c"
10006622,"FUN_10006622","undefined4",1,89,SUCCESS,"FUN_10006622_10006622.c"
1000667b,"FUN_1000667b","undefined4",2,419,SUCCESS,"FUN_1000667b_1000667b.c"
1000681e,"FUN_1000681e","undefined4",0,18,SUCCESS,"FUN_1000681e_1000681e.c"
10006830,"FUN_10006830","undefined",2,345,SUCCESS,"FUN_10006830_10006830.c"
10006e80,"FUN_10006e80","int",1,36,SUCCESS,"FUN_10006e80_10006e80.c"
10006f20,"AVIStreamRead","undefined",0,6,SUCCESS,"AVIStreamRead_10006f20.c"
10006f26,"AVIStreamReadFormat","undefined",0,6,SUCCESS,"AVIStreamReadFormat_10006f26.c"
10006f2c,"AVIStreamInfoA","undefined",0,6,SUCCESS,"AVIStreamInfoA_10006f2c.c"
10006f32,"DirectSoundCreate","undefined",0,6,SUCCESS,"DirectSoundCreate_10006f32.c"
10006f38,"ftol","undefined",0,6,SUCCESS,"ftol_10006f38.c"
10006f46,"memset","void *",3,6,SUCCESS,"memset_10006f46.c"
10006f5e,"operator_delete","void",1,6,SUCCESS,"operator_delete_10006f5e.c"
10006f64,"operator_new","void *",1,6,SUCCESS,"operator_new_10006f64.c"
10006f6a,"strcpy","char *",2,6,SUCCESS,"strcpy_10006f6a.c"
10006f70,"strlen","size_t",1,6,SUCCESS,"strlen_10006f70.c"
10006f90,"__CRT_INIT@12","undefined4",2,505,SUCCESS,"__CRT_INIT_12_10006f90.c"
10007190,"entry","int",3,313,SUCCESS,"entry_10007190.c"
100072d0,"__onexit","_onexit_t",1,208,SUCCESS,"__onexit_100072d0.c"
100073a0,"_atexit","int",1,48,SUCCESS,"_atexit_100073a0.c"
100073d6,"initterm","undefined",0,6,SUCCESS,"initterm_100073d6.c"
100073f0,"_DllMain@12","undefined4",2,56,SUCCESS,"_DllMain_12_100073f0.c"
10007428,"__dllonexit","undefined",0,6,SUCCESS,"__dllonexit_10007428.c"
