Address,SymbolName,SymbolType,IsGlobal,IsFunction
EXTERNAL:00000001,"Sleep",Function,false,true
EXTERNAL:00000002,"GetVersion",Function,false,true
EXTERNAL:00000003,"GlobalAlloc",Function,false,true
EXTERNAL:00000004,"DisableThreadLibraryCalls",Function,false,true
EXTERNAL:00000005,"GlobalFree",Function,false,true
EXTERNAL:00000006,"InitializeCriticalSection",Function,false,true
EXTERNAL:00000007,"DeleteCriticalSection",Function,false,true
EXTERNAL:00000008,"LeaveCriticalSection",Function,false,true
EXTERNAL:00000009,"EnterCriticalSection",Function,false,true
EXTERNAL:0000000a,"PostMessageA",Function,false,true
EXTERNAL:0000000b,"timeEndPeriod",Function,false,true
EXTERNAL:0000000c,"timeSetEvent",Function,false,true
EXTERNAL:0000000d,"timeBeginPeriod",Function,false,true
EXTERNAL:0000000e,"timeGetDevCaps",Function,false,true
EXTERNAL:0000000f,"timeKillEvent",Function,false,true
EXTERNAL:00000010,"mmioClose",Function,false,true
EXTERNAL:00000011,"mmioOpenA",Function,false,true
EXTERNAL:00000012,"mmioAscend",Function,false,true
EXTERNAL:00000013,"mmioDescend",Function,false,true
EXTERNAL:00000014,"mmioSeek",Function,false,true
EXTERNAL:00000015,"mmioGetInfo",Function,false,true
EXTERNAL:00000016,"mmioAdvance",Function,false,true
EXTERNAL:00000017,"mmioSetInfo",Function,false,true
EXTERNAL:00000018,"mmioRead",Function,false,true
EXTERNAL:00000019,"AVIStreamInfoA",Function,false,true
EXTERNAL:0000001a,"AVIStreamReadFormat",Function,false,true
EXTERNAL:0000001b,"AVIStreamRead",Function,false,true
EXTERNAL:0000001c,"DirectSoundCreate",Function,false,true
EXTERNAL:0000001d,"_CrtDbgReport",Function,false,true
EXTERNAL:0000001e,"operator_new",Function,false,true
EXTERNAL:0000001f,"fclose",Function,false,true
EXTERNAL:00000020,"fopen",Function,false,true
EXTERNAL:00000021,"_onexit",Function,false,true
EXTERNAL:00000022,"__dllonexit",Function,false,true
EXTERNAL:00000023,"_adjust_fdiv",Label,false,false
EXTERNAL:00000024,"malloc_dbg",Function,false,true
EXTERNAL:00000025,"initterm",Function,false,true
EXTERNAL:00000026,"free_dbg",Function,false,true
EXTERNAL:00000027,"ftell",Function,false,true
EXTERNAL:00000028,"ftol",Function,false,true
EXTERNAL:00000029,"operator_delete",Function,false,true
EXTERNAL:0000002a,"memset",Function,false,true
EXTERNAL:0000002b,"memmove",Function,false,true
EXTERNAL:0000002c,"fseek",Function,false,true
EXTERNAL:0000002d,"strlen",Function,false,true
EXTERNAL:0000002e,"strcpy",Function,false,true
EXTERNAL:0000002f,"fread",Function,false,true
10000000,"IMAGE_DOS_HEADER_10000000",Label,true,false
10001000,"thunk_FUN_10005a46",Function,true,true
10001005,"thunk_FUN_1000460c",Function,true,true
1000100a,"thunk_FUN_1000667b",Function,true,true
1000100f,"thunk_FUN_1000458d",Function,true,true
10001014,"Ordinal_18",Label,true,false
10001014,"SetSndMarker",Function,true,true
10001019,"Ordinal_22",Label,true,false
10001019,"GetSndState",Function,true,true
1000101e,"Ordinal_6",Label,true,false
1000101e,"PlaySnd",Function,true,true
10001023,"thunk_FUN_1000394f",Function,true,true
10001028,"Ordinal_5",Label,true,false
10001028,"UnloadAllSnds",Function,true,true
1000102d,"thunk_FUN_1000219c",Function,true,true
10001032,"Ordinal_23",Label,true,false
10001032,"GetAVISndBuff",Function,true,true
10001037,"Ordinal_24",Label,true,false
10001037,"ReleaseAVISndBuff",Function,true,true
1000103c,"Ordinal_9",Label,true,false
1000103c,"StopAllSnds",Function,true,true
10001041,"Ordinal_21",Label,true,false
10001041,"ResetSnd",Function,true,true
10001046,"Ordinal_27",Label,true,false
10001046,"GetLRUSnd",Function,true,true
1000104b,"thunk_FUN_10002900",Function,true,true
10001050,"Ordinal_1",Label,true,false
10001050,"InitSnd",Function,true,true
10001055,"Ordinal_13",Label,true,false
10001055,"SetVol",Function,true,true
1000105a,"thunk_FUN_10004534",Function,true,true
1000105f,"Ordinal_20",Label,true,false
1000105f,"GetSndTime",Function,true,true
10001064,"thunk_FUN_1000630c",Function,true,true
10001069,"thunk_FUN_10006830",Function,true,true
1000106e,"thunk_FUN_100046fb",Function,true,true
10001073,"thunk_FUN_1000681e",Function,true,true
10001078,"Ordinal_10",Label,true,false
10001078,"PlayMidiFile",Function,true,true
1000107d,"Ordinal_19",Label,true,false
1000107d,"PlaySndMarker",Function,true,true
10001082,"thunk_FUN_10005abe",Function,true,true
10001087,"Ordinal_25",Label,true,false
10001087,"GetSndHWND",Function,true,true
1000108c,"thunk_FUN_1000405a",Function,true,true
10001091,"thunk_FUN_10006622",Function,true,true
1000109b,"thunk_FUN_10005d4a",Function,true,true
100010a0,"Ordinal_12",Label,true,false
100010a0,"GetPitch",Function,true,true
100010a5,"thunk_FUN_10004788",Function,true,true
100010aa,"Ordinal_7",Label,true,false
100010aa,"PlaySndFile",Function,true,true
100010af,"Ordinal_14",Label,true,false
100010af,"GetVol",Function,true,true
100010b4,"thunk_FUN_10006e80",Function,true,true
100010b9,"thunk_FUN_10003a41",Function,true,true
100010be,"thunk_FUN_10006540",Function,true,true
100010c3,"thunk_FUN_1000207f",Function,true,true
100010c8,"Ordinal_4",Label,true,false
100010c8,"UnloadSnd",Function,true,true
100010cd,"Ordinal_26",Label,true,false
100010cd,"IsSndLoaded",Function,true,true
100010d2,"Ordinal_8",Label,true,false
100010d2,"StopSnd",Function,true,true
100010d7,"thunk_FUN_1000192c",Function,true,true
100010dc,"Ordinal_15",Label,true,false
100010dc,"SetPan",Function,true,true
100010e1,"thunk_FUN_100055b0",Function,true,true
100010e6,"Ordinal_11",Label,true,false
100010e6,"SetPitch",Function,true,true
100010eb,"thunk_FUN_10005f0c",Function,true,true
100010f0,"Ordinal_17",Label,true,false
100010f0,"UpdateSnd",Function,true,true
100010f5,"thunk_FUN_1000560f",Function,true,true
100010fa,"thunk_FUN_100043c4",Function,true,true
100010ff,"thunk_FUN_10005dff",Function,true,true
10001104,"Ordinal_2",Label,true,false
10001104,"ReleaseSnd",Function,true,true
10001109,"Ordinal_3",Label,true,false
10001109,"LoadSnd",Function,true,true
1000110e,"LAB_1000110e",Label,true,false
10001113,"thunk_FUN_10004665",Function,true,true
10001118,"Ordinal_16",Label,true,false
10001118,"GetPan",Function,true,true
10001240,"FUN_10001240",Function,true,true
1000126a,"LAB_1000126a",Label,true,false
10001288,"LAB_10001288",Label,true,false
100012c4,"LAB_100012c4",Label,true,false
100012f6,"LAB_100012f6",Label,true,false
1000132e,"LAB_1000132e",Label,true,false
1000136b,"LAB_1000136b",Label,true,false
10001384,"LAB_10001384",Label,true,false
100013a0,"LAB_100013a0",Label,true,false
100013aa,"LAB_100013aa",Label,true,false
100013b1,"LAB_100013b1",Label,true,false
100013b6,"FUN_100013b6",Function,true,true
100013ce,"LAB_100013ce",Label,true,false
100013e5,"LAB_100013e5",Label,true,false
10001423,"LAB_10001423",Label,true,false
10001428,"FUN_10001428",Function,true,true
10001438,"LAB_10001438",Label,true,false
1000143d,"FUN_1000143d",Function,true,true
10001485,"LAB_10001485",Label,true,false
1000148f,"LAB_1000148f",Label,true,false
100014a7,"LAB_100014a7",Label,true,false
100014ac,"LAB_100014ac",Label,true,false
100014c3,"LAB_100014c3",Label,true,false
100014cd,"LAB_100014cd",Label,true,false
100014e5,"LAB_100014e5",Label,true,false
1000154d,"LAB_1000154d",Label,true,false
10001580,"LAB_10001580",Label,true,false
100015a3,"LAB_100015a3",Label,true,false
100015ae,"LAB_100015ae",Label,true,false
100015ea,"LAB_100015ea",Label,true,false
100015ff,"LAB_100015ff",Label,true,false
10001651,"LAB_10001651",Label,true,false
1000168b,"LAB_1000168b",Label,true,false
100016d8,"LAB_100016d8",Label,true,false
100016df,"LAB_100016df",Label,true,false
100016e4,"FUN_100016e4",Function,true,true
10001704,"LAB_10001704",Label,true,false
1000170e,"LAB_1000170e",Label,true,false
1000173f,"LAB_1000173f",Label,true,false
100017c0,"LAB_100017c0",Label,true,false
100017c3,"LAB_100017c3",Label,true,false
1000180b,"LAB_1000180b",Label,true,false
10001810,"LAB_10001810",Label,true,false
10001843,"LAB_10001843",Label,true,false
10001848,"FUN_10001848",Function,true,true
10001859,"LAB_10001859",Label,true,false
1000187c,"LAB_1000187c",Label,true,false
1000188e,"LAB_1000188e",Label,true,false
10001893,"FUN_10001893",Function,true,true
100018b3,"LAB_100018b3",Label,true,false
100018bd,"LAB_100018bd",Label,true,false
100018ee,"LAB_100018ee",Label,true,false
10001927,"LAB_10001927",Label,true,false
1000192c,"FUN_1000192c",Function,true,true
10001977,"LAB_10001977",Label,true,false
100019c3,"LAB_100019c3",Label,true,false
100019d6,"LAB_100019d6",Label,true,false
10001a27,"LAB_10001a27",Label,true,false
10001a2c,"LAB_10001a2c",Label,true,false
10001a47,"LAB_10001a47",Label,true,false
10001a6c,"LAB_10001a6c",Label,true,false
10001a71,"LAB_10001a71",Label,true,false
10001a7d,"LAB_10001a7d",Label,true,false
10001aa3,"LAB_10001aa3",Label,true,false
10001ad9,"LAB_10001ad9",Label,true,false
10001ae2,"LAB_10001ae2",Label,true,false
10001b09,"LAB_10001b09",Label,true,false
10001b10,"LAB_10001b10",Label,true,false
10001b47,"LAB_10001b47",Label,true,false
10001b67,"LAB_10001b67",Label,true,false
10001b6c,"LAB_10001b6c",Label,true,false
10001ba9,"LAB_10001ba9",Label,true,false
10001c0f,"LAB_10001c0f",Label,true,false
10001c16,"LAB_10001c16",Label,true,false
10001c2a,"LAB_10001c2a",Label,true,false
10001c47,"LAB_10001c47",Label,true,false
10001c4c,"FUN_10001c4c",Function,true,true
10001c81,"LAB_10001c81",Label,true,false
10001c8b,"LAB_10001c8b",Label,true,false
10001cbc,"LAB_10001cbc",Label,true,false
10001cf7,"LAB_10001cf7",Label,true,false
10001d71,"LAB_10001d71",Label,true,false
10001dba,"LAB_10001dba",Label,true,false
10001de4,"LAB_10001de4",Label,true,false
10001df4,"LAB_10001df4",Label,true,false
10001e22,"LAB_10001e22",Label,true,false
10001e29,"LAB_10001e29",Label,true,false
10001e71,"LAB_10001e71",Label,true,false
10001e9f,"LAB_10001e9f",Label,true,false
10001ea4,"LAB_10001ea4",Label,true,false
10001efc,"LAB_10001efc",Label,true,false
1000207a,"LAB_1000207a",Label,true,false
1000207f,"FUN_1000207f",Function,true,true
100020ec,"LAB_100020ec",Label,true,false
1000211c,"LAB_1000211c",Label,true,false
10002197,"LAB_10002197",Label,true,false
1000219c,"FUN_1000219c",Function,true,true
100021e5,"LAB_100021e5",Label,true,false
10002233,"LAB_10002233",Label,true,false
100022b4,"LAB_100022b4",Label,true,false
100022b9,"FUN_100022b9",Function,true,true
100022e0,"LAB_100022e0",Label,true,false
100022e3,"LAB_100022e3",Label,true,false
10002316,"LAB_10002316",Label,true,false
1000232c,"LAB_1000232c",Label,true,false
1000233f,"LAB_1000233f",Label,true,false
10002384,"LAB_10002384",Label,true,false
10002389,"FUN_10002389",Function,true,true
100023b0,"LAB_100023b0",Label,true,false
100023ba,"LAB_100023ba",Label,true,false
100023f1,"LAB_100023f1",Label,true,false
1000240d,"LAB_1000240d",Label,true,false
10002422,"LAB_10002422",Label,true,false
1000244b,"LAB_1000244b",Label,true,false
1000245e,"LAB_1000245e",Label,true,false
10002471,"LAB_10002471",Label,true,false
10002476,"FUN_10002476",Function,true,true
1000249d,"LAB_1000249d",Label,true,false
100024a7,"LAB_100024a7",Label,true,false
100024bb,"LAB_100024bb",Label,true,false
100024c5,"LAB_100024c5",Label,true,false
100024fc,"LAB_100024fc",Label,true,false
10002518,"LAB_10002518",Label,true,false
1000252d,"LAB_1000252d",Label,true,false
10002559,"LAB_10002559",Label,true,false
1000257f,"LAB_1000257f",Label,true,false
10002598,"LAB_10002598",Label,true,false
10002683,"LAB_10002683",Label,true,false
10002696,"LAB_10002696",Label,true,false
1000269b,"FUN_1000269b",Function,true,true
100026bb,"LAB_100026bb",Label,true,false
100026c5,"LAB_100026c5",Label,true,false
100026f6,"LAB_100026f6",Label,true,false
10002751,"LAB_10002751",Label,true,false
10002765,"LAB_10002765",Label,true,false
1000279f,"LAB_1000279f",Label,true,false
100027e7,"LAB_100027e7",Label,true,false
1000280b,"LAB_1000280b",Label,true,false
1000280e,"LAB_1000280e",Label,true,false
10002871,"LAB_10002871",Label,true,false
10002876,"LAB_10002876",Label,true,false
1000287b,"LAB_1000287b",Label,true,false
10002880,"LAB_10002880",Label,true,false
1000288e,"LAB_1000288e",Label,true,false
100028a0,"LAB_100028a0",Label,true,false
100028a5,"FUN_100028a5",Function,true,true
100028c1,"LAB_100028c1",Label,true,false
100028eb,"LAB_100028eb",Label,true,false
100028fb,"LAB_100028fb",Label,true,false
10002900,"FUN_10002900",Function,true,true
10002920,"LAB_10002920",Label,true,false
1000292a,"LAB_1000292a",Label,true,false
10002945,"LAB_10002945",Label,true,false
10002995,"LAB_10002995",Label,true,false
100029c4,"LAB_100029c4",Label,true,false
100029fb,"LAB_100029fb",Label,true,false
10002a38,"LAB_10002a38",Label,true,false
10002a5c,"LAB_10002a5c",Label,true,false
10002a5f,"LAB_10002a5f",Label,true,false
10002ab7,"LAB_10002ab7",Label,true,false
10002abc,"LAB_10002abc",Label,true,false
10002ac1,"LAB_10002ac1",Label,true,false
10002ac6,"LAB_10002ac6",Label,true,false
10002acb,"LAB_10002acb",Label,true,false
10002ae9,"LAB_10002ae9",Label,true,false
10002b37,"LAB_10002b37",Label,true,false
10002b3c,"FUN_10002b3c",Function,true,true
10002b49,"LAB_10002b49",Label,true,false
10002b4e,"FUN_10002b4e",Function,true,true
10002b75,"LAB_10002b75",Label,true,false
10002b7f,"LAB_10002b7f",Label,true,false
10002bb0,"LAB_10002bb0",Label,true,false
10002be6,"LAB_10002be6",Label,true,false
10002be9,"LAB_10002be9",Label,true,false
10002c33,"LAB_10002c33",Label,true,false
10002c38,"LAB_10002c38",Label,true,false
10002c3d,"LAB_10002c3d",Label,true,false
10002c4f,"LAB_10002c4f",Label,true,false
10002c54,"FUN_10002c54",Function,true,true
10002c61,"LAB_10002c61",Label,true,false
10002c66,"FUN_10002c66",Function,true,true
10002c8d,"LAB_10002c8d",Label,true,false
10002c97,"LAB_10002c97",Label,true,false
10002cc8,"LAB_10002cc8",Label,true,false
10002cdc,"LAB_10002cdc",Label,true,false
10002ced,"LAB_10002ced",Label,true,false
10002d4d,"LAB_10002d4d",Label,true,false
10002d89,"LAB_10002d89",Label,true,false
10002de8,"LAB_10002de8",Label,true,false
10002df4,"LAB_10002df4",Label,true,false
10002df7,"LAB_10002df7",Label,true,false
10002e41,"LAB_10002e41",Label,true,false
10002e46,"LAB_10002e46",Label,true,false
10002e4b,"LAB_10002e4b",Label,true,false
10002e5d,"LAB_10002e5d",Label,true,false
10002e62,"FUN_10002e62",Function,true,true
10002e6f,"LAB_10002e6f",Label,true,false
10002e74,"FUN_10002e74",Function,true,true
10002e9b,"LAB_10002e9b",Label,true,false
10002ea5,"LAB_10002ea5",Label,true,false
10002ed6,"LAB_10002ed6",Label,true,false
10002f17,"LAB_10002f17",Label,true,false
10002f1a,"LAB_10002f1a",Label,true,false
10002f64,"LAB_10002f64",Label,true,false
10002f69,"LAB_10002f69",Label,true,false
10002f6e,"LAB_10002f6e",Label,true,false
10002f80,"LAB_10002f80",Label,true,false
10002f85,"FUN_10002f85",Function,true,true
10002f92,"LAB_10002f92",Label,true,false
10002f97,"FUN_10002f97",Function,true,true
10002fb7,"LAB_10002fb7",Label,true,false
10002fca,"LAB_10002fca",Label,true,false
10003011,"LAB_10003011",Label,true,false
1000301e,"LAB_1000301e",Label,true,false
10003037,"LAB_10003037",Label,true,false
10003065,"LAB_10003065",Label,true,false
1000306a,"LAB_1000306a",Label,true,false
10003076,"LAB_10003076",Label,true,false
100030be,"LAB_100030be",Label,true,false
100030ca,"LAB_100030ca",Label,true,false
100030cf,"LAB_100030cf",Label,true,false
100030e1,"LAB_100030e1",Label,true,false
100030e6,"FUN_100030e6",Function,true,true
10003106,"LAB_10003106",Label,true,false
10003110,"LAB_10003110",Label,true,false
10003141,"LAB_10003141",Label,true,false
100031a5,"LAB_100031a5",Label,true,false
100031c6,"LAB_100031c6",Label,true,false
100031ee,"LAB_100031ee",Label,true,false
10003225,"LAB_10003225",Label,true,false
10003269,"LAB_10003269",Label,true,false
10003294,"LAB_10003294",Label,true,false
100032bf,"LAB_100032bf",Label,true,false
100032ea,"LAB_100032ea",Label,true,false
100032ff,"LAB_100032ff",Label,true,false
1000335d,"LAB_1000335d",Label,true,false
10003379,"LAB_10003379",Label,true,false
1000337e,"FUN_1000337e",Function,true,true
1000339b,"LAB_1000339b",Label,true,false
100033a5,"LAB_100033a5",Label,true,false
100033d6,"LAB_100033d6",Label,true,false
100033f8,"LAB_100033f8",Label,true,false
1000341e,"LAB_1000341e",Label,true,false
10003427,"LAB_10003427",Label,true,false
10003439,"LAB_10003439",Label,true,false
1000343e,"FUN_1000343e",Function,true,true
1000344b,"LAB_1000344b",Label,true,false
10003450,"FUN_10003450",Function,true,true
1000346a,"LAB_1000346a",Label,true,false
1000347d,"LAB_1000347d",Label,true,false
100034b6,"LAB_100034b6",Label,true,false
100034c7,"LAB_100034c7",Label,true,false
100034d9,"LAB_100034d9",Label,true,false
100034de,"FUN_100034de",Function,true,true
10003523,"LAB_10003523",Label,true,false
10003531,"LAB_10003531",Label,true,false
10003541,"LAB_10003541",Label,true,false
10003544,"LAB_10003544",Label,true,false
10003597,"LAB_10003597",Label,true,false
1000359c,"LAB_1000359c",Label,true,false
100035ae,"LAB_100035ae",Label,true,false
100035b3,"LAB_100035b3",Label,true,false
100035ce,"LAB_100035ce",Label,true,false
100035d3,"FUN_100035d3",Function,true,true
10003619,"LAB_10003619",Label,true,false
10003620,"LAB_10003620",Label,true,false
10003654,"LAB_10003654",Label,true,false
10003688,"LAB_10003688",Label,true,false
100036ab,"LAB_100036ab",Label,true,false
10003718,"LAB_10003718",Label,true,false
10003745,"LAB_10003745",Label,true,false
10003789,"LAB_10003789",Label,true,false
100037b9,"LAB_100037b9",Label,true,false
100037be,"FUN_100037be",Function,true,true
10003804,"LAB_10003804",Label,true,false
1000380b,"LAB_1000380b",Label,true,false
1000383f,"LAB_1000383f",Label,true,false
10003873,"LAB_10003873",Label,true,false
10003899,"LAB_10003899",Label,true,false
100038cc,"LAB_100038cc",Label,true,false
100038f1,"LAB_100038f1",Label,true,false
1000394a,"LAB_1000394a",Label,true,false
1000394f,"FUN_1000394f",Function,true,true
100039d6,"LAB_100039d6",Label,true,false
10003a26,"LAB_10003a26",Label,true,false
10003a3c,"LAB_10003a3c",Label,true,false
10003a41,"FUN_10003a41",Function,true,true
10003b0a,"LAB_10003b0a",Label,true,false
10003b2e,"LAB_10003b2e",Label,true,false
10003b4f,"LAB_10003b4f",Label,true,false
10003b85,"LAB_10003b85",Label,true,false
10003bdc,"LAB_10003bdc",Label,true,false
10003bec,"LAB_10003bec",Label,true,false
10003c4e,"LAB_10003c4e",Label,true,false
10003c53,"LAB_10003c53",Label,true,false
10003c5a,"LAB_10003c5a",Label,true,false
10003c7a,"LAB_10003c7a",Label,true,false
10003c9e,"LAB_10003c9e",Label,true,false
10003cb0,"LAB_10003cb0",Label,true,false
10003d14,"LAB_10003d14",Label,true,false
10003da2,"LAB_10003da2",Label,true,false
10003de2,"LAB_10003de2",Label,true,false
10003e03,"LAB_10003e03",Label,true,false
10003e0a,"LAB_10003e0a",Label,true,false
10003e3c,"LAB_10003e3c",Label,true,false
10003e48,"LAB_10003e48",Label,true,false
10003e97,"LAB_10003e97",Label,true,false
10003ec3,"LAB_10003ec3",Label,true,false
10003f04,"LAB_10003f04",Label,true,false
10003f19,"LAB_10003f19",Label,true,false
10003ff4,"LAB_10003ff4",Label,true,false
10004006,"LAB_10004006",Label,true,false
10004045,"LAB_10004045",Label,true,false
10004055,"LAB_10004055",Label,true,false
1000405a,"FUN_1000405a",Function,true,true
10004100,"LAB_10004100",Label,true,false
10004121,"LAB_10004121",Label,true,false
1000415c,"LAB_1000415c",Label,true,false
10004185,"LAB_10004185",Label,true,false
100041a6,"LAB_100041a6",Label,true,false
100041dc,"LAB_100041dc",Label,true,false
10004214,"LAB_10004214",Label,true,false
10004297,"LAB_10004297",Label,true,false
10004300,"LAB_10004300",Label,true,false
10004375,"LAB_10004375",Label,true,false
100043ac,"LAB_100043ac",Label,true,false
100043b8,"LAB_100043b8",Label,true,false
100043bf,"LAB_100043bf",Label,true,false
100043c4,"FUN_100043c4",Function,true,true
10004406,"LAB_10004406",Label,true,false
1000441a,"LAB_1000441a",Label,true,false
10004430,"LAB_10004430",Label,true,false
10004433,"LAB_10004433",Label,true,false
10004481,"LAB_10004481",Label,true,false
10004495,"LAB_10004495",Label,true,false
100044a9,"LAB_100044a9",Label,true,false
100044dd,"LAB_100044dd",Label,true,false
10004511,"LAB_10004511",Label,true,false
10004516,"LAB_10004516",Label,true,false
10004525,"LAB_10004525",Label,true,false
1000452f,"LAB_1000452f",Label,true,false
10004534,"FUN_10004534",Function,true,true
1000455e,"LAB_1000455e",Label,true,false
10004583,"LAB_10004583",Label,true,false
10004588,"LAB_10004588",Label,true,false
1000458d,"FUN_1000458d",Function,true,true
100045d7,"LAB_100045d7",Label,true,false
100045df,"LAB_100045df",Label,true,false
100045fa,"LAB_100045fa",Label,true,false
10004602,"LAB_10004602",Label,true,false
10004607,"LAB_10004607",Label,true,false
1000460c,"FUN_1000460c",Function,true,true
10004636,"LAB_10004636",Label,true,false
1000465b,"LAB_1000465b",Label,true,false
10004660,"LAB_10004660",Label,true,false
10004665,"FUN_10004665",Function,true,true
100046af,"LAB_100046af",Label,true,false
100046b7,"LAB_100046b7",Label,true,false
100046d2,"LAB_100046d2",Label,true,false
100046da,"LAB_100046da",Label,true,false
100046df,"LAB_100046df",Label,true,false
100046e4,"FUN_100046e4",Function,true,true
100046f4,"LAB_100046f4",Label,true,false
100046fb,"FUN_100046fb",Function,true,true
10004720,"LAB_10004720",Label,true,false
10004772,"LAB_10004772",Label,true,false
10004783,"LAB_10004783",Label,true,false
10004788,"FUN_10004788",Function,true,true
100047dd,"LAB_100047dd",Label,true,false
100047e2,"LAB_100047e2",Label,true,false
100055b0,"FUN_100055b0",Function,true,true
100055e2,"LAB_100055e2",Label,true,false
1000560a,"LAB_1000560a",Label,true,false
1000560f,"FUN_1000560f",Function,true,true
10005663,"LAB_10005663",Label,true,false
1000569a,"LAB_1000569a",Label,true,false
100056d9,"LAB_100056d9",Label,true,false
10005713,"LAB_10005713",Label,true,false
1000576b,"LAB_1000576b",Label,true,false
1000584a,"LAB_1000584a",Label,true,false
10005860,"LAB_10005860",Label,true,false
100058ae,"LAB_100058ae",Label,true,false
100058c4,"LAB_100058c4",Label,true,false
10005964,"LAB_10005964",Label,true,false
100059b9,"LAB_100059b9",Label,true,false
10005a3a,"LAB_10005a3a",Label,true,false
10005a41,"LAB_10005a41",Label,true,false
10005a46,"FUN_10005a46",Function,true,true
10005a89,"LAB_10005a89",Label,true,false
10005ab4,"LAB_10005ab4",Label,true,false
10005ab9,"LAB_10005ab9",Label,true,false
10005abe,"FUN_10005abe",Function,true,true
10005b4d,"LAB_10005b4d",Label,true,false
10005b57,"LAB_10005b57",Label,true,false
10005b82,"LAB_10005b82",Label,true,false
10005bdd,"LAB_10005bdd",Label,true,false
10005c2e,"LAB_10005c2e",Label,true,false
10005c87,"LAB_10005c87",Label,true,false
10005cc5,"LAB_10005cc5",Label,true,false
10005d3e,"LAB_10005d3e",Label,true,false
10005d45,"LAB_10005d45",Label,true,false
10005d4a,"FUN_10005d4a",Function,true,true
10005dfa,"LAB_10005dfa",Label,true,false
10005dff,"FUN_10005dff",Function,true,true
10005e59,"LAB_10005e59",Label,true,false
10005ea4,"LAB_10005ea4",Label,true,false
10005eb5,"LAB_10005eb5",Label,true,false
10005ed2,"LAB_10005ed2",Label,true,false
10005eea,"LAB_10005eea",Label,true,false
10005f07,"LAB_10005f07",Label,true,false
10005f0c,"FUN_10005f0c",Function,true,true
10005f67,"LAB_10005f67",Label,true,false
10005fbf,"LAB_10005fbf",Label,true,false
10005fc9,"LAB_10005fc9",Label,true,false
10006029,"LAB_10006029",Label,true,false
10006035,"LAB_10006035",Label,true,false
1000604b,"LAB_1000604b",Label,true,false
10006051,"LAB_10006051",Label,true,false
100060b2,"LAB_100060b2",Label,true,false
100060cd,"LAB_100060cd",Label,true,false
10006105,"LAB_10006105",Label,true,false
1000614d,"LAB_1000614d",Label,true,false
10006168,"LAB_10006168",Label,true,false
100061b6,"LAB_100061b6",Label,true,false
100061d5,"LAB_100061d5",Label,true,false
100061f6,"LAB_100061f6",Label,true,false
100061fb,"LAB_100061fb",Label,true,false
1000623c,"LAB_1000623c",Label,true,false
10006257,"LAB_10006257",Label,true,false
1000626a,"LAB_1000626a",Label,true,false
10006300,"LAB_10006300",Label,true,false
10006307,"LAB_10006307",Label,true,false
1000630c,"FUN_1000630c",Function,true,true
1000638a,"LAB_1000638a",Label,true,false
100063de,"LAB_100063de",Label,true,false
10006435,"LAB_10006435",Label,true,false
10006438,"LAB_10006438",Label,true,false
100064dd,"LAB_100064dd",Label,true,false
10006534,"LAB_10006534",Label,true,false
1000653b,"LAB_1000653b",Label,true,false
10006540,"FUN_10006540",Function,true,true
10006615,"LAB_10006615",Label,true,false
1000661d,"LAB_1000661d",Label,true,false
10006622,"FUN_10006622",Function,true,true
1000663f,"LAB_1000663f",Label,true,false
10006676,"LAB_10006676",Label,true,false
1000667b,"FUN_1000667b",Function,true,true
100066c0,"LAB_100066c0",Label,true,false
10006808,"LAB_10006808",Label,true,false
10006812,"LAB_10006812",Label,true,false
10006819,"LAB_10006819",Label,true,false
1000681e,"FUN_1000681e",Function,true,true
1000682b,"LAB_1000682b",Label,true,false
10006830,"FUN_10006830",Function,true,true
1000688b,"LAB_1000688b",Label,true,false
100068c1,"LAB_100068c1",Label,true,false
100068ec,"LAB_100068ec",Label,true,false
10006984,"LAB_10006984",Label,true,false
10006e80,"FUN_10006e80",Function,true,true
10006e9f,"LAB_10006e9f",Label,true,false
10006f20,"AVIStreamRead",Function,true,true
10006f26,"AVIStreamReadFormat",Function,true,true
10006f2c,"AVIStreamInfoA",Function,true,true
10006f32,"DirectSoundCreate",Function,true,true
10006f38,"ftol",Function,true,true
10006f46,"memset",Function,true,true
10006f5e,"operator_delete",Function,true,true
10006f64,"operator_new",Function,true,true
10006f6a,"strcpy",Function,true,true
10006f70,"strlen",Function,true,true
10006f90,"__CRT_INIT@12",Function,true,true
10006fbb,"LAB_10006fbb",Label,true,false
10006fc2,"LAB_10006fc2",Label,true,false
10006ffb,"LAB_10006ffb",Label,true,false
10007001,"LAB_10007001",Label,true,false
10007031,"LAB_10007031",Label,true,false
10007071,"LAB_10007071",Label,true,false
10007076,"LAB_10007076",Label,true,false
100070ac,"LAB_100070ac",Label,true,false
100070d9,"LAB_100070d9",Label,true,false
100070de,"LAB_100070de",Label,true,false
10007102,"LAB_10007102",Label,true,false
10007117,"LAB_10007117",Label,true,false
1000713a,"LAB_1000713a",Label,true,false
1000713f,"LAB_1000713f",Label,true,false
10007162,"LAB_10007162",Label,true,false
1000716e,"LAB_1000716e",Label,true,false
10007178,"LAB_10007178",Label,true,false
10007182,"LAB_10007182",Label,true,false
10007190,"entry",Function,true,true
100071be,"LAB_100071be",Label,true,false
100071d2,"LAB_100071d2",Label,true,false
100071f4,"LAB_100071f4",Label,true,false
10007212,"LAB_10007212",Label,true,false
10007223,"LAB_10007223",Label,true,false
1000725a,"LAB_1000725a",Label,true,false
1000726e,"LAB_1000726e",Label,true,false
1000728e,"LAB_1000728e",Label,true,false
100072ba,"LAB_100072ba",Label,true,false
100072c2,"LAB_100072c2",Label,true,false
100072d0,"__onexit",Function,true,true
10007312,"LAB_10007312",Label,true,false
10007318,"LAB_10007318",Label,true,false
10007325,"LAB_10007325",Label,true,false
1000733f,"LAB_1000733f",Label,true,false
10007345,"LAB_10007345",Label,true,false
10007367,"LAB_10007367",Label,true,false
10007380,"LAB_10007380",Label,true,false
10007393,"LAB_10007393",Label,true,false
1000739b,"LAB_1000739b",Label,true,false
100073a0,"_atexit",Function,true,true
100073c4,"LAB_100073c4",Label,true,false
100073c6,"LAB_100073c6",Label,true,false
100073cb,"LAB_100073cb",Label,true,false
100073d6,"initterm",Function,true,true
100073f0,"_DllMain@12",Function,true,true
10007417,"LAB_10007417",Label,true,false
10007421,"LAB_10007421",Label,true,false
10007428,"__dllonexit",Function,true,true
10009000,"IMAGE_DEBUG_DIRECTORY_10009000",Label,true,false
10009058,"DAT_10009058",Label,true,false
10009060,"DAT_10009060",Label,true,false
10009068,"DAT_10009068",Label,true,false
10009070,"DAT_10009070",Label,true,false
10009080,"s_crtdll.c_10009080",Label,true,false
100091a0,"IMAGE_DIRECTORY_ENTRY_EXPORT_100091a0",Label,true,false
100091c8,"DAT_100091c8",Label,true,false
10009234,"DAT_10009234",Label,true,false
100092a0,"WORD_100092a0",Label,true,false
100092d6,"s_magsnd.dll_100092d6",Label,true,false
100092e1,"s_LoadSnd_100092e1",Label,true,false
100092e9,"s_SetSndMarker_100092e9",Label,true,false
100092f6,"s_GetAVISndBuff_100092f6",Label,true,false
10009304,"s_GetLRUSnd_10009304",Label,true,false
1000930e,"s_GetPan_1000930e",Label,true,false
10009315,"s_GetPitch_10009315",Label,true,false
1000931e,"s_GetSndHWND_1000931e",Label,true,false
10009329,"s_GetSndState_10009329",Label,true,false
10009335,"s_GetSndTime_10009335",Label,true,false
10009340,"s_GetVol_10009340",Label,true,false
10009347,"s_InitSnd_10009347",Label,true,false
1000934f,"s_IsSndLoaded_1000934f",Label,true,false
1000935b,"s_PlayMidiFile_1000935b",Label,true,false
10009368,"s_PlaySnd_10009368",Label,true,false
10009370,"s_PlaySndFile_10009370",Label,true,false
1000937c,"s_PlaySndMarker_1000937c",Label,true,false
1000938a,"s_ReleaseAVISndBuff_1000938a",Label,true,false
1000939c,"s_ReleaseSnd_1000939c",Label,true,false
100093a7,"s_ResetSnd_100093a7",Label,true,false
100093b0,"s_SetPan_100093b0",Label,true,false
100093b7,"s_SetPitch_100093b7",Label,true,false
100093c0,"s_SetVol_100093c0",Label,true,false
100093c7,"s_StopAllSnds_100093c7",Label,true,false
100093d3,"s_StopSnd_100093d3",Label,true,false
100093db,"s_UnloadAllSnds_100093db",Label,true,false
100093e9,"s_UnloadSnd_100093e9",Label,true,false
100093f3,"s_UpdateSnd_100093f3",Label,true,false
1000a000,"DAT_1000a000",Label,true,false
1000a104,"DAT_1000a104",Label,true,false
1000a410,"DAT_1000a410",Label,true,false
1000a414,"DAT_1000a414",Label,true,false
1000a418,"DAT_1000a418",Label,true,false
1000a41c,"DAT_1000a41c",Label,true,false
1000a420,"DAT_1000a420",Label,true,false
1000a424,"DAT_1000a424",Label,true,false
1000a428,"DAT_1000a428",Label,true,false
1000a42c,"DAT_1000a42c",Label,true,false
1000a430,"DAT_1000a430",Label,true,false
1000a434,"DAT_1000a434",Label,true,false
1000a438,"DAT_1000a438",Label,true,false
1000a440,"DAT_1000a440",Label,true,false
1000a458,"DAT_1000a458",Label,true,false
1000a46c,"DAT_1000a46c",Label,true,false
1000a474,"DAT_1000a474",Label,true,false
1000a47c,"DAT_1000a47c",Label,true,false
1000a480,"DAT_1000a480",Label,true,false
1000a484,"s_G:\NewMagic\tstvid\snd.cpp_1000a484",Label,true,false
1000a4a0,"s_G:\NewMagic\tstvid\snd.cpp_1000a4a0",Label,true,false
1000a4bc,"s_G:\NewMagic\tstvid\snd.cpp_1000a4bc",Label,true,false
1000a4d8,"s_G:\NewMagic\tstvid\snd.cpp_1000a4d8",Label,true,false
1000a520,"DAT_1000a520",Label,true,false
1000a524,"DAT_1000a524",Label,true,false
1000a530,"DAT_1000a530",Label,true,false
1000a534,"DAT_1000a534",Label,true,false
1000a538,"DAT_1000a538",Label,true,false
1000a640,"DAT_1000a640",Label,true,false
1000a648,"DAT_1000a648",Label,true,false
1000aa88,"DAT_1000aa88",Label,true,false
1000aa8c,"DAT_1000aa8c",Label,true,false
1000ba88,"DAT_1000ba88",Label,true,false
1000ba90,"DAT_1000ba90",Label,true,false
1000ba94,"DAT_1000ba94",Label,true,false
1000ba98,"DAT_1000ba98",Label,true,false
1000baa0,"DAT_1000baa0",Label,true,false
1000bf50,"DAT_1000bf50",Label,true,false
1000bf5c,"DAT_1000bf5c",Label,true,false
1000bf6c,"DAT_1000bf6c",Label,true,false
1000bf70,"DAT_1000bf70",Label,true,false
1000c000,"DWORD_1000c000",Label,true,false
1000c268,"PTR_AVIStreamInfoA_1000c268",Label,true,false
1000c26c,"PTR_AVIStreamReadFormat_1000c26c",Label,true,false
1000c270,"PTR_AVIStreamRead_1000c270",Label,true,false
1000c2a0,"PTR_DirectSoundCreate_1000c2a0",Label,true,false
1000c2d0,"PTR_Sleep_1000c2d0",Label,true,false
1000c2d4,"PTR_GetVersion_1000c2d4",Label,true,false
1000c2d8,"PTR_GlobalAlloc_1000c2d8",Label,true,false
1000c2dc,"PTR_DisableThreadLibraryCalls_1000c2dc",Label,true,false
1000c2e0,"PTR_GlobalFree_1000c2e0",Label,true,false
1000c2e4,"PTR_InitializeCriticalSection_1000c2e4",Label,true,false
1000c2e8,"PTR_DeleteCriticalSection_1000c2e8",Label,true,false
1000c2ec,"PTR_LeaveCriticalSection_1000c2ec",Label,true,false
1000c2f0,"PTR_EnterCriticalSection_1000c2f0",Label,true,false
1000c324,"PTR__CrtDbgReport_1000c324",Label,true,false
1000c328,"PTR_operator_new_1000c328",Label,true,false
1000c32c,"PTR_fclose_1000c32c",Label,true,false
1000c330,"PTR_fopen_1000c330",Label,true,false
1000c334,"PTR__onexit_1000c334",Label,true,false
1000c338,"PTR___dllonexit_1000c338",Label,true,false
1000c33c,"PTR__adjust_fdiv_1000c33c",Label,true,false
1000c340,"PTR_malloc_dbg_1000c340",Label,true,false
1000c344,"PTR_initterm_1000c344",Label,true,false
1000c348,"PTR_free_dbg_1000c348",Label,true,false
1000c34c,"PTR_ftell_1000c34c",Label,true,false
1000c350,"PTR_ftol_1000c350",Label,true,false
1000c354,"PTR_operator_delete_1000c354",Label,true,false
1000c358,"PTR_memset_1000c358",Label,true,false
1000c35c,"PTR_memmove_1000c35c",Label,true,false
1000c360,"PTR_fseek_1000c360",Label,true,false
1000c364,"PTR_strlen_1000c364",Label,true,false
1000c368,"PTR_strcpy_1000c368",Label,true,false
1000c36c,"PTR_fread_1000c36c",Label,true,false
1000c3a8,"PTR_PostMessageA_1000c3a8",Label,true,false
1000c3d8,"PTR_timeEndPeriod_1000c3d8",Label,true,false
1000c3dc,"PTR_timeSetEvent_1000c3dc",Label,true,false
1000c3e0,"PTR_timeBeginPeriod_1000c3e0",Label,true,false
1000c3e4,"PTR_timeGetDevCaps_1000c3e4",Label,true,false
1000c3e8,"PTR_timeKillEvent_1000c3e8",Label,true,false
1000c3ec,"PTR_mmioClose_1000c3ec",Label,true,false
1000c3f0,"PTR_mmioOpenA_1000c3f0",Label,true,false
1000c3f4,"PTR_mmioAscend_1000c3f4",Label,true,false
1000c3f8,"PTR_mmioDescend_1000c3f8",Label,true,false
1000c3fc,"PTR_mmioSeek_1000c3fc",Label,true,false
1000c400,"PTR_mmioGetInfo_1000c400",Label,true,false
1000c404,"PTR_mmioAdvance_1000c404",Label,true,false
1000c408,"PTR_mmioSetInfo_1000c408",Label,true,false
1000c40c,"PTR_mmioRead_1000c40c",Label,true,false
1000d000,"IMAGE_BASE_RELOCATION_1000d000",Label,true,false
